[
  {
    "id": "9e135568-fd2c-4727-ac7b-26352df48b4f",
    "data": [
      {
        "text": "what about ",
        "userDefined": false
      },
      {
        "text": "snowing",
        "alias": "condition",
        "meta": "@weather-condition",
        "userDefined": true
      }
    ],
    "isTemplate": false,
    "count": 0,
    "updated": 0
  },
  {
    "id": "444707f3-c0ea-4448-8a1f-c43275b3c637",
    "data": [
      {
        "text": "and ",
        "userDefined": false
      },
      {
        "text": "rain",
        "alias": "condition",
        "meta": "@weather-condition",
        "userDefined": false
      }
    ],
    "isTemplate": false,
    "count": 0,
    "updated": 0
  }
]