[
  {
    "id": "694b3f93-967f-4dfc-b99e-2f046fed1506",
    "data": [
      {
        "text": "chances of ",
        "userDefined": false
      },
      {
        "text": "drizzle",
        "alias": "condition",
        "meta": "@weather-condition",
        "userDefined": true
      },
      {
        "text": " in ",
        "userDefined": false
      },
      {
        "text": "Hong Kong",
        "alias": "address",
        "meta": "@sys.location",
        "userDefined": true
      }
    ],
    "isTemplate": false,
    "count": 0,
    "updated": 0
  },
  {
    "id": "1bde0c6c-ef3d-44c7-a63a-a87664dc403f",
    "data": [
      {
        "text": "any snow ",
        "userDefined": false
      },
      {
        "text": "showers",
        "alias": "condition",
        "meta": "@weather-condition",
        "userDefined": true
      },
      {
        "text": " in the forecast for ",
        "userDefined": false
      },
      {
        "text": "Valencia",
        "alias": "address",
        "meta": "@sys.location",
        "userDefined": true
      }
    ],
    "isTemplate": false,
    "count": 0,
    "updated": 0
  },
  {
    "id": "d78689d0-1321-4839-a7f9-aa0fab1a8207",
    "data": [
      {
        "text": "is it supposed to ",
        "userDefined": false
      },
      {
        "text": "rain",
        "alias": "condition",
        "meta": "@weather-condition",
        "userDefined": true
      },
      {
        "text": " in ",
        "userDefined": false
      },
      {
        "text": "Madrid",
        "alias": "address",
        "meta": "@sys.location",
        "userDefined": true
      },
      {
        "text": " ",
        "userDefined": false
      },
      {
        "text": "next weekend",
        "alias": "date-time",
        "meta": "@sys.date-time",
        "userDefined": true
      }
    ],
    "isTemplate": false,
    "count": 0,
    "updated": 0
  },
  {
    "id": "86ec13fc-12c9-475c-83ee-e466d402c71b",
    "data": [
      {
        "text": "will it ",
        "userDefined": false
      },
      {
        "text": "rain",
        "alias": "condition",
        "meta": "@weather-condition",
        "userDefined": true
      },
      {
        "text": " ",
        "userDefined": false
      },
      {
        "text": "tomorrow",
        "alias": "date-time",
        "meta": "@sys.date-time",
        "userDefined": true
      },
      {
        "text": " in ",
        "userDefined": false
      },
      {
        "text": "Paris",
        "alias": "address",
        "meta": "@sys.location",
        "userDefined": true
      }
    ],
    "isTemplate": false,
    "count": 0,
    "updated": 0
  },
  {
    "id": "c167bda2-8a82-434c-80ab-80bdb40b2dfb",
    "data": [
      {
        "text": "is it going to ",
        "userDefined": false
      },
      {
        "text": "rain",
        "alias": "condition",
        "meta": "@weather-condition",
        "userDefined": false
      },
      {
        "text": " later ",
        "userDefined": false
      },
      {
        "text": "in the evening",
        "alias": "date-time",
        "meta": "@sys.date-time",
        "userDefined": true
      }
    ],
    "isTemplate": false,
    "count": 0,
    "updated": 0
  },
  {
    "id": "b2aeecff-38fc-4711-8e40-6f81a4626787",
    "data": [
      {
        "text": "will it be ",
        "userDefined": false
      },
      {
        "text": "raining",
        "alias": "condition",
        "meta": "@weather-condition",
        "userDefined": true
      },
      {
        "text": " ",
        "userDefined": false
      },
      {
        "text": "tonight",
        "alias": "date-time",
        "meta": "@sys.date-time",
        "userDefined": true
      }
    ],
    "isTemplate": false,
    "count": 0,
    "updated": 1497455262
  },
  {
    "id": "e3b0aa14-2ed6-462d-b4cf-add9af3f1f63",
    "data": [
      {
        "text": "are there ",
        "userDefined": false
      },
      {
        "text": "freezing rains",
        "alias": "condition",
        "meta": "@weather-condition",
        "userDefined": true
      },
      {
        "text": " expected in ",
        "userDefined": false
      },
      {
        "text": "Glasgow",
        "alias": "address",
        "meta": "@sys.location",
        "userDefined": true
      }
    ],
    "isTemplate": false,
    "count": 0,
    "updated": 0
  },
  {
    "id": "ce0f179e-d0ba-4f18-bad5-51276c345046",
    "data": [
      {
        "text": "is it going to ",
        "userDefined": false
      },
      {
        "text": "snow",
        "alias": "condition",
        "meta": "@weather-condition",
        "userDefined": true
      },
      {
        "text": " in ",
        "userDefined": false
      },
      {
        "text": "Denver",
        "alias": "address",
        "meta": "@sys.location",
        "userDefined": true
      }
    ],
    "isTemplate": false,
    "count": 0,
    "updated": 0
  },
  {
    "id": "9ca177cd-d564-483d-b642-307edc706005",
    "data": [
      {
        "text": "is it going to ",
        "userDefined": false
      },
      {
        "text": "snow",
        "alias": "condition",
        "meta": "@weather-condition",
        "userDefined": true
      },
      {
        "text": " in ",
        "userDefined": false
      },
      {
        "text": "Paris",
        "alias": "address",
        "meta": "@sys.location",
        "userDefined": true
      },
      {
        "text": " on ",
        "userDefined": false
      },
      {
        "text": "Sunday",
        "alias": "date-time",
        "meta": "@sys.date-time",
        "userDefined": true
      }
    ],
    "isTemplate": false,
    "count": 0,
    "updated": 0
  },
  {
    "id": "5d7783d4-d253-4724-9196-0af650ce54f4",
    "data": [
      {
        "text": "will it be ",
        "userDefined": false
      },
      {
        "text": "foggy",
        "alias": "condition",
        "meta": "@weather-condition",
        "userDefined": true
      },
      {
        "text": " ",
        "userDefined": false
      },
      {
        "text": "next Saturday",
        "alias": "date-time",
        "meta": "@sys.date-time",
        "userDefined": true
      },
      {
        "text": " in ",
        "userDefined": false
      },
      {
        "text": "San Francisco",
        "alias": "address",
        "meta": "@sys.location",
        "userDefined": true
      }
    ],
    "isTemplate": false,
    "count": 0,
    "updated": 0
  },
  {
    "id": "bd3b9714-9431-488e-be7c-c7409a0567f5",
    "data": [
      {
        "text": "is it going to be ",
        "userDefined": false
      },
      {
        "text": "fog",
        "alias": "condition",
        "meta": "@weather-condition",
        "userDefined": true
      },
      {
        "text": " ",
        "userDefined": false
      },
      {
        "text": "tomorrow",
        "alias": "date-time",
        "meta": "@sys.date-time",
        "userDefined": true
      },
      {
        "text": " in ",
        "userDefined": false
      },
      {
        "text": "Paris",
        "alias": "address",
        "meta": "@sys.location",
        "userDefined": true
      }
    ],
    "isTemplate": false,
    "count": 0,
    "updated": 0
  },
  {
    "id": "58e63f10-b43d-446d-bf68-3e1b051e91d5",
    "data": [
      {
        "text": "will it be ",
        "userDefined": false
      },
      {
        "text": "cloudy",
        "alias": "condition",
        "meta": "@weather-condition",
        "userDefined": true
      },
      {
        "text": " in ",
        "userDefined": false
      },
      {
        "text": "Berlin",
        "alias": "address",
        "meta": "@sys.location",
        "userDefined": true
      }
    ],
    "isTemplate": false,
    "count": 0,
    "updated": 0
  },
  {
    "id": "7e9c5dd4-56c4-4d12-b33b-8b4894f5a765",
    "data": [
      {
        "text": "chances of ",
        "userDefined": false
      },
      {
        "text": "storm",
        "alias": "condition",
        "meta": "@weather-condition",
        "userDefined": true
      }
    ],
    "isTemplate": false,
    "count": 0,
    "updated": 0
  },
  {
    "id": "14fec157-977d-438c-8e2c-4b3cc926aa7c",
    "data": [
      {
        "text": "is it ",
        "userDefined": false
      },
      {
        "text": "snowing",
        "alias": "condition",
        "meta": "@weather-condition",
        "userDefined": true
      },
      {
        "text": " in ",
        "userDefined": false
      },
      {
        "text": "Moscow",
        "alias": "address",
        "meta": "@sys.location",
        "userDefined": true
      }
    ],
    "isTemplate": false,
    "count": 0,
    "updated": 0
  },
  {
    "id": "65498640-909f-42b7-9dcd-4b146479e15d",
    "data": [
      {
        "text": "does it ",
        "userDefined": false
      },
      {
        "text": "snow",
        "alias": "condition",
        "meta": "@weather-condition",
        "userDefined": true
      },
      {
        "text": " in ",
        "userDefined": false
      },
      {
        "text": "Moscow",
        "alias": "address",
        "meta": "@sys.location",
        "userDefined": true
      }
    ],
    "isTemplate": false,
    "count": 0,
    "updated": 0
  },
  {
    "id": "b8322d9c-9bb2-4e55-a00f-0811bd25ed30",
    "data": [
      {
        "text": "are there ",
        "userDefined": false
      },
      {
        "text": "hurricanes",
        "alias": "condition",
        "meta": "@weather-condition",
        "userDefined": true
      },
      {
        "text": " expected ",
        "userDefined": false
      },
      {
        "text": "next week",
        "alias": "date-time",
        "meta": "@sys.date-time",
        "userDefined": true
      }
    ],
    "isTemplate": false,
    "count": 0,
    "updated": 0
  },
  {
    "id": "26885350-9802-49a4-b909-d068cd67c03b",
    "data": [
      {
        "text": "is it going to ",
        "userDefined": false
      },
      {
        "text": "rain",
        "alias": "condition",
        "meta": "@weather-condition",
        "userDefined": true
      },
      {
        "text": " ",
        "userDefined": false
      },
      {
        "text": "this Friday",
        "alias": "date-time",
        "meta": "@sys.date-time",
        "userDefined": true
      }
    ],
    "isTemplate": false,
    "count": 0,
    "updated": 0
  },
  {
    "id": "ea06c9bd-1f6b-44c2-a794-e846177cfe6d",
    "data": [
      {
        "text": "is it going to ",
        "userDefined": false
      },
      {
        "text": "rain",
        "alias": "condition",
        "meta": "@weather-condition",
        "userDefined": false
      }
    ],
    "isTemplate": false,
    "count": 0,
    "updated": 0
  },
  {
    "id": "81670ff7-49bc-401f-93ee-cc5824cc8209",
    "data": [
      {
        "text": "but is",
        "meta": "@sys.ignore",
        "userDefined": false
      },
      {
        "text": " it going to ",
        "userDefined": false
      },
      {
        "text": "rain",
        "alias": "condition",
        "meta": "@weather-condition",
        "userDefined": false
      }
    ],
    "isTemplate": false,
    "count": 0,
    "updated": 0
  },
  {
    "id": "9021f52d-a380-4a60-b3a3-d6039b377acd",
    "data": [
      {
        "text": "is it supposed to ",
        "userDefined": false
      },
      {
        "text": "snow",
        "alias": "condition",
        "meta": "@weather-condition",
        "userDefined": true
      }
    ],
    "isTemplate": false,
    "count": 0,
    "updated": 0
  },
  {
    "id": "c5ada002-ba06-4ae3-8d9a-02dc18e67457",
    "data": [
      {
        "text": "do you think it will start ",
        "userDefined": false
      },
      {
        "text": "raining",
        "alias": "condition",
        "meta": "@weather-condition",
        "userDefined": true
      },
      {
        "text": " soon",
        "userDefined": false
      }
    ],
    "isTemplate": false,
    "count": 0,
    "updated": 0
  },
  {
    "id": "661a156b-1fc7-40d2-a5cf-b6ab7a843910",
    "data": [
      {
        "text": "will it be ",
        "userDefined": false
      },
      {
        "text": "raining",
        "alias": "condition",
        "meta": "@weather-condition",
        "userDefined": true
      },
      {
        "text": " ",
        "userDefined": false
      },
      {
        "text": "tomorrow",
        "alias": "date-time",
        "meta": "@sys.date-time",
        "userDefined": true
      }
    ],
    "isTemplate": false,
    "count": 0,
    "updated": 0
  },
  {
    "id": "0f98c591-aa52-4751-bc15-65d63b0d4376",
    "data": [
      {
        "text": "any chance of ",
        "userDefined": false
      },
      {
        "text": "tornadoes",
        "alias": "condition",
        "meta": "@weather-condition",
        "userDefined": true
      },
      {
        "text": " on the ",
        "userDefined": false
      },
      {
        "text": "weekend",
        "alias": "date-time",
        "meta": "@sys.date-time",
        "userDefined": true
      }
    ],
    "isTemplate": false,
    "count": 0,
    "updated": 0
  },
  {
    "id": "f8493e9b-06aa-4341-934a-85675887efda",
    "data": [
      {
        "text": "when will it ",
        "userDefined": false
      },
      {
        "text": "rain",
        "alias": "condition",
        "meta": "@weather-condition",
        "userDefined": true
      },
      {
        "text": " ",
        "userDefined": false
      },
      {
        "text": "today",
        "alias": "date-time",
        "meta": "@sys.date-time",
        "userDefined": true
      }
    ],
    "isTemplate": false,
    "count": 0,
    "updated": 0
  },
  {
    "id": "93f812cf-a1a8-424c-a0af-76c66a34b4ed",
    "data": [
      {
        "text": "any chance of ",
        "userDefined": false
      },
      {
        "text": "tornadoes",
        "alias": "condition",
        "meta": "@weather-condition",
        "userDefined": true
      }
    ],
    "isTemplate": false,
    "count": 0,
    "updated": 0
  },
  {
    "id": "cc715825-a5b0-431e-8fd3-ad0e1c603bba",
    "data": [
      {
        "text": "when will it ",
        "userDefined": false
      },
      {
        "text": "rain",
        "alias": "condition",
        "meta": "@weather-condition",
        "userDefined": true
      }
    ],
    "isTemplate": false,
    "count": 0,
    "updated": 0
  },
  {
    "id": "8fe1aba7-b843-46eb-937d-60cb471fb9a4",
    "data": [
      {
        "text": "any ",
        "userDefined": false
      },
      {
        "text": "snow",
        "alias": "condition",
        "meta": "@weather-condition",
        "userDefined": true
      },
      {
        "text": " in the forecast",
        "userDefined": false
      }
    ],
    "isTemplate": false,
    "count": 1,
    "updated": 0
  },
  {
    "id": "938831fb-6519-4b9b-8563-7c127c7e0b74",
    "data": [
      {
        "text": "is it supposed to ",
        "userDefined": false
      },
      {
        "text": "rain",
        "alias": "condition",
        "meta": "@weather-condition",
        "userDefined": true
      },
      {
        "text": " in ",
        "userDefined": false
      },
      {
        "text": "London",
        "alias": "address",
        "meta": "@sys.location",
        "userDefined": true
      }
    ],
    "isTemplate": false,
    "count": 0,
    "updated": 0
  },
  {
    "id": "bf854d9f-91f5-4ae4-8404-122320692dc7",
    "data": [
      {
        "text": "when will it ",
        "userDefined": false
      },
      {
        "text": "snow",
        "alias": "condition",
        "meta": "@weather-condition",
        "userDefined": true
      },
      {
        "text": " in ",
        "userDefined": false
      },
      {
        "text": "Palo Alto",
        "alias": "address",
        "meta": "@sys.location",
        "userDefined": true
      }
    ],
    "isTemplate": false,
    "count": 0,
    "updated": 0
  },
  {
    "id": "ef2bf55c-bb12-40db-9c2a-5784455db0ca",
    "data": [
      {
        "text": "will it be ",
        "userDefined": false
      },
      {
        "text": "foggy",
        "alias": "condition",
        "meta": "@weather-condition",
        "userDefined": true
      },
      {
        "text": " on ",
        "userDefined": false
      },
      {
        "text": "July 22",
        "alias": "date-time",
        "meta": "@sys.date-time",
        "userDefined": true
      }
    ],
    "isTemplate": false,
    "count": 0,
    "updated": 0
  },
  {
    "id": "a8b17ccc-e9f5-4f1f-9c02-5074142eb5be",
    "data": [
      {
        "text": "are there any ",
        "userDefined": false
      },
      {
        "text": "tornadoes",
        "alias": "condition",
        "meta": "@weather-condition",
        "userDefined": true
      },
      {
        "text": " expected in ",
        "userDefined": false
      },
      {
        "text": "Cleveland",
        "alias": "address",
        "meta": "@sys.location",
        "userDefined": true
      },
      {
        "text": " on ",
        "userDefined": false
      },
      {
        "text": "November 12",
        "alias": "date-time",
        "meta": "@sys.date-time",
        "userDefined": true
      }
    ],
    "isTemplate": false,
    "count": 0,
    "updated": 0
  },
  {
    "id": "639726fc-8935-4eed-bcb6-5089ffd1b034",
    "data": [
      {
        "text": "is it supposed to ",
        "userDefined": false
      },
      {
        "text": "snow",
        "alias": "condition",
        "meta": "@weather-condition",
        "userDefined": true
      },
      {
        "text": " ",
        "userDefined": false
      },
      {
        "text": "today",
        "alias": "date-time",
        "meta": "@sys.date-time",
        "userDefined": true
      }
    ],
    "isTemplate": false,
    "count": 0,
    "updated": 0
  },
  {
    "id": "c6450700-a656-4db5-809b-c52af6bd990f",
    "data": [
      {
        "text": "is it supposed to ",
        "userDefined": false
      },
      {
        "text": "snow",
        "alias": "condition",
        "meta": "@weather-condition",
        "userDefined": true
      },
      {
        "text": " on ",
        "userDefined": false
      },
      {
        "text": "Friday",
        "alias": "date-time",
        "meta": "@sys.date-time",
        "userDefined": true
      }
    ],
    "isTemplate": false,
    "count": 0,
    "updated": 0
  },
  {
    "id": "8cf18b09-8df2-4da3-b1cc-7ea80c6c459a",
    "data": [
      {
        "text": "any ",
        "userDefined": false
      },
      {
        "text": "snow",
        "alias": "condition",
        "meta": "@weather-condition",
        "userDefined": true
      },
      {
        "text": " in the forecast for ",
        "userDefined": false
      },
      {
        "text": "next Monday",
        "alias": "date-time",
        "meta": "@sys.date-time",
        "userDefined": true
      }
    ],
    "isTemplate": false,
    "count": 0,
    "updated": 0
  },
  {
    "id": "45edb8ed-0a44-4a69-b04b-24addbc3d97b",
    "data": [
      {
        "text": "any chance of ",
        "userDefined": false
      },
      {
        "text": "snow showers",
        "alias": "condition",
        "meta": "@weather-condition",
        "userDefined": true
      },
      {
        "text": " ",
        "userDefined": false
      },
      {
        "text": "tomorrow",
        "alias": "date-time",
        "meta": "@sys.date-time",
        "userDefined": true
      },
      {
        "text": " in ",
        "userDefined": false
      },
      {
        "text": "Barcelona",
        "alias": "address",
        "meta": "@sys.location",
        "userDefined": true
      }
    ],
    "isTemplate": false,
    "count": 0,
    "updated": 0
  },
  {
    "id": "77b5377e-37f0-40ea-98c8-8b3a128ce9ea",
    "data": [
      {
        "text": "any ",
        "userDefined": false
      },
      {
        "text": "drizzle",
        "alias": "condition",
        "meta": "@weather-condition",
        "userDefined": true
      },
      {
        "text": " in the forecast for ",
        "userDefined": false
      },
      {
        "text": "Vienna",
        "alias": "address",
        "meta": "@sys.location",
        "userDefined": true
      },
      {
        "text": " ",
        "userDefined": false
      },
      {
        "text": "this weekend",
        "alias": "date-time",
        "meta": "@sys.date-time",
        "userDefined": true
      }
    ],
    "isTemplate": false,
    "count": 0,
    "updated": 0
  },
  {
    "id": "16bea572-d7ed-4a84-abfa-d55f203a1f22",
    "data": [
      {
        "text": "are we getting ",
        "userDefined": false
      },
      {
        "text": "snow",
        "alias": "condition",
        "meta": "@weather-condition",
        "userDefined": true
      },
      {
        "text": " ",
        "userDefined": false
      },
      {
        "text": "today",
        "alias": "date-time",
        "meta": "@sys.date-time",
        "userDefined": true
      }
    ],
    "isTemplate": false,
    "count": 0,
    "updated": 0
  },
  {
    "id": "f4c43fe5-173a-4fc8-a12c-aaac595bff54",
    "data": [
      {
        "text": "when will it ",
        "userDefined": false
      },
      {
        "text": "rain",
        "alias": "condition",
        "meta": "@weather-condition",
        "userDefined": true
      },
      {
        "text": " in ",
        "userDefined": false
      },
      {
        "text": "Oslo",
        "alias": "address",
        "meta": "@sys.location",
        "userDefined": true
      },
      {
        "text": " ",
        "userDefined": false
      },
      {
        "text": "today",
        "alias": "date-time",
        "meta": "@sys.date-time",
        "userDefined": true
      }
    ],
    "isTemplate": false,
    "count": 0,
    "updated": 0
  },
  {
    "id": "257dd4a9-fc75-4115-ad4c-4cb52e8ee0d4",
    "data": [
      {
        "text": "chances of ",
        "userDefined": false
      },
      {
        "text": "volcano eruption",
        "alias": "condition",
        "meta": "@weather-condition",
        "userDefined": true
      },
      {
        "text": " in ",
        "userDefined": false
      },
      {
        "text": "Sicilia",
        "alias": "address",
        "meta": "@sys.location",
        "userDefined": true
      },
      {
        "text": " ",
        "userDefined": false
      },
      {
        "text": "this month",
        "alias": "date-time",
        "meta": "@sys.date-time",
        "userDefined": true
      }
    ],
    "isTemplate": false,
    "count": 0,
    "updated": 0
  },
  {
    "id": "f676ac5d-5822-4c52-951a-7ecb56146afd",
    "data": [
      {
        "text": "is it ",
        "userDefined": false
      },
      {
        "text": "raining",
        "alias": "condition",
        "meta": "@weather-condition",
        "userDefined": true
      }
    ],
    "isTemplate": false,
    "count": 0,
    "updated": 0
  },
  {
    "id": "dd584c9c-1ec3-40ad-a731-99201b6264da",
    "data": [
      {
        "text": "what is",
        "meta": "@sys.ignore",
        "userDefined": false
      },
      {
        "text": " the weather forecast for ",
        "userDefined": false
      },
      {
        "text": "snow",
        "alias": "condition",
        "meta": "@weather-condition",
        "userDefined": true
      },
      {
        "text": " in ",
        "userDefined": false
      },
      {
        "text": "New York",
        "alias": "address",
        "meta": "@sys.location",
        "userDefined": true
      },
      {
        "text": " ",
        "userDefined": false
      },
      {
        "text": "today",
        "alias": "date-time",
        "meta": "@sys.date-time",
        "userDefined": true
      }
    ],
    "isTemplate": false,
    "count": 0,
    "updated": 0
  },
  {
    "id": "f523428e-e850-4f35-8478-9fc35e9aba1b",
    "data": [
      {
        "text": "will it be ",
        "userDefined": false
      },
      {
        "text": "foggy",
        "alias": "condition",
        "meta": "@weather-condition",
        "userDefined": true
      }
    ],
    "isTemplate": false,
    "count": 0,
    "updated": 0
  },
  {
    "id": "b72cd8a1-c819-4cee-ba54-e8dfe5126fe9",
    "data": [
      {
        "text": "are there ",
        "userDefined": false
      },
      {
        "text": "hurricanes",
        "alias": "condition",
        "meta": "@weather-condition",
        "userDefined": true
      },
      {
        "text": " expected",
        "userDefined": false
      }
    ],
    "isTemplate": false,
    "count": 0,
    "updated": 0
  },
  {
    "id": "bedd9a2d-42d2-4922-b0eb-1db871b79113",
    "data": [
      {
        "text": "any chance of ",
        "userDefined": false
      },
      {
        "text": "thunderstorms",
        "alias": "condition",
        "meta": "@weather-condition",
        "userDefined": true
      },
      {
        "text": " in ",
        "userDefined": false
      },
      {
        "text": "Colorado",
        "alias": "address",
        "meta": "@sys.location",
        "userDefined": true
      }
    ],
    "isTemplate": false,
    "count": 0,
    "updated": 0
  },
  {
    "id": "1dd26556-1777-4f4d-9b73-7d72d1802d17",
    "data": [
      {
        "text": "chances of ",
        "userDefined": false
      },
      {
        "text": "storm",
        "alias": "condition",
        "meta": "@weather-condition",
        "userDefined": true
      },
      {
        "text": " ",
        "userDefined": false
      },
      {
        "text": "this month",
        "alias": "date-time",
        "meta": "@sys.date-time",
        "userDefined": true
      }
    ],
    "isTemplate": false,
    "count": 0,
    "updated": 0
  },
  {
    "id": "48e6b88c-1a41-40fd-a7fb-ad61b1160eb0",
    "data": [
      {
        "text": "is it ",
        "userDefined": false
      },
      {
        "text": "raining",
        "alias": "condition",
        "meta": "@weather-condition",
        "userDefined": true
      },
      {
        "text": " here",
        "userDefined": false
      }
    ],
    "isTemplate": false,
    "count": 0,
    "updated": 0
  }
]