[
  {
    "id": "2048c11d-3bd5-4e8d-9225-d4e89eec9b3b",
    "data": [
      {
        "text": "skiing",
        "alias": "activity",
        "meta": "@activity",
        "userDefined": true
      }
    ],
    "isTemplate": false,
    "count": 0,
    "updated": 0
  },
  {
    "id": "7d50a3f5-7e03-4673-958d-c6758aaa14af",
    "data": [
      {
        "text": "what about ",
        "userDefined": false
      },
      {
        "text": "swimming",
        "alias": "activity",
        "meta": "@activity",
        "userDefined": false
      }
    ],
    "isTemplate": false,
    "count": 0,
    "updated": 0
  },
  {
    "id": "20636ab7-e3e1-4233-ab2c-f4e9eab5089a",
    "data": [
      {
        "text": "and for ",
        "userDefined": false
      },
      {
        "text": "skating",
        "alias": "activity",
        "meta": "@activity",
        "userDefined": false
      }
    ],
    "isTemplate": false,
    "count": 0,
    "updated": 0
  }
]