[
  {
    "id": "681ac819-5a08-40d3-96df-b6546ef7e4e1",
    "data": [
      {
        "text": "my ",
        "userDefined": false
      },
      {
        "text": "coat",
        "alias": "outfit",
        "meta": "@outfit",
        "userDefined": false
      }
    ],
    "isTemplate": false,
    "count": 0,
    "updated": 0
  },
  {
    "id": "a23b113c-585e-4e3a-828e-91bac7ab900f",
    "data": [
      {
        "text": "and ",
        "userDefined": false
      },
      {
        "text": "raincoat",
        "alias": "outfit",
        "meta": "@outfit",
        "userDefined": false
      }
    ],
    "isTemplate": false,
    "count": 0,
    "updated": 0
  },
  {
    "id": "81f722a8-5080-4c76-8d01-c977329af20c",
    "data": [
      {
        "text": "raincoat",
        "alias": "outfit",
        "meta": "@outfit",
        "userDefined": false
      }
    ],
    "isTemplate": false,
    "count": 0,
    "updated": 0
  },
  {
    "id": "00a2df4b-e79f-4d96-9389-2b4162db1204",
    "data": [
      {
        "text": "what about ",
        "userDefined": false
      },
      {
        "text": "sunglasses",
        "alias": "outfit",
        "meta": "@outfit",
        "userDefined": true
      }
    ],
    "isTemplate": false,
    "count": 0,
    "updated": 0
  },
  {
    "id": "3b936052-de69-401c-9af2-f63c64b176cd",
    "data": [
      {
        "text": "and ",
        "userDefined": false
      },
      {
        "text": "umbrella",
        "alias": "outfit",
        "meta": "@outfit",
        "userDefined": true
      }
    ],
    "isTemplate": false,
    "count": 1,
    "updated": 0
  },
  {
    "id": "f346d86b-2dbd-40da-9fba-4769edc811b6",
    "data": [
      {
        "text": "how ",
        "userDefined": false
      },
      {
        "text": "about",
        "meta": "@sys.ignore",
        "userDefined": false
      },
      {
        "text": " my ",
        "userDefined": false
      },
      {
        "text": "raincoat",
        "alias": "outfit",
        "meta": "@outfit",
        "userDefined": false
      }
    ],
    "isTemplate": false,
    "count": 0,
    "updated": 0
  },
  {
    "id": "11718b05-248b-4fab-b684-67689f9c4873",
    "data": [
      {
        "text": "how ",
        "userDefined": false
      },
      {
        "text": "about",
        "meta": "@sys.ignore",
        "userDefined": true
      },
      {
        "text": " ",
        "userDefined": false
      },
      {
        "text": "raincoat",
        "alias": "outfit",
        "meta": "@outfit",
        "userDefined": true
      }
    ],
    "isTemplate": false,
    "count": 0,
    "updated": 0
  },
  {
    "id": "3060932a-3fa7-4fdd-9043-b7b174a177c6",
    "data": [
      {
        "text": "and my ",
        "userDefined": false
      },
      {
        "text": "umbrella",
        "alias": "outfit",
        "meta": "@outfit",
        "userDefined": false
      }
    ],
    "isTemplate": false,
    "count": 0,
    "updated": 0
  }
]