[
  {
    "id": "4cbe7119-d05e-45d9-88d2-b4f186e97dbb",
    "data": [
      {
        "text": "just forget about it",
        "userDefined": false
      }
    ],
    "isTemplate": false,
    "count": 1,
    "updated": 0
  },
  {
    "id": "e5fcc9a4-ba04-4ccb-9fc9-a44dc55b1f73",
    "data": [
      {
        "text": "cancel that",
        "userDefined": false
      }
    ],
    "isTemplate": false,
    "count": 5,
    "updated": 0
  },
  {
    "id": "28004746-b802-4e8a-840e-637f2f03509d",
    "data": [
      {
        "text": "forget that",
        "userDefined": false
      }
    ],
    "isTemplate": false,
    "count": 0,
    "updated": 0
  },
  {
    "id": "67c560b9-3a4b-432a-85e8-3b15f02090b6",
    "data": [
      {
        "text": "do nothing",
        "userDefined": false
      }
    ],
    "isTemplate": false,
    "count": 0,
    "updated": 0
  },
  {
    "id": "6bbe8c92-0f1c-4527-b682-aaf9aeb33d76",
    "data": [
      {
        "text": "stop",
        "userDefined": false
      }
    ],
    "isTemplate": false,
    "count": 3,
    "updated": 0
  },
  {
    "id": "c9035891-d614-4128-beba-464d83107b75",
    "data": [
      {
        "text": "skip",
        "userDefined": false
      }
    ],
    "isTemplate": false,
    "count": 2,
    "updated": 0
  },
  {
    "id": "0a39507a-55cd-44e2-8927-d6e202cd8189",
    "data": [
      {
        "text": "cancel",
        "userDefined": false
      }
    ],
    "isTemplate": false,
    "count": 0,
    "updated": 0
  },
  {
    "id": "49b7ce43-c1f3-46bb-b7e0-1e70fc055806",
    "data": [
      {
        "text": "dismiss",
        "userDefined": false
      }
    ],
    "isTemplate": false,
    "count": 0,
    "updated": 0
  },
  {
    "id": "4104a311-6725-4b26-8710-79f9182701f1",
    "data": [
      {
        "text": "never mind",
        "userDefined": false
      }
    ],
    "isTemplate": false,
    "count": 0,
    "updated": 0
  },
  {
    "id": "ee5cbee1-70a2-490c-bef0-6df6b585553d",
    "data": [
      {
        "text": "stop it",
        "userDefined": false
      }
    ],
    "isTemplate": false,
    "count": 0,
    "updated": 0
  }
]