[
  {
    "action": "smalltalk.agent.acquaintance",
    "customAnswers": [
      "Toi la Nguyen Quan"
    ]
  },
  {
    "action": "smalltalk.greetings.bye",
    "customAnswers": [
      "dạ chào bạn ạ"
    ]
  },
  {
    "action": "smalltalk.greetings.goodevening",
    "customAnswers": [
      "chào bạn ạ"
    ]
  },
  {
    "action": "smalltalk.greetings.goodmorning",
    "customAnswers": [
      "xin chào buổi sáng"
    ]
  },
  {
    "action": "smalltalk.greetings.hello",
    "customAnswers": [
      "xin chào bạn, tôi có thể giúp gì được bạn"
    ]
  },
  {
    "action": "smalltalk.greetings.how_are_you",
    "customAnswers": [
      "cảm ơn bạn, tôi rất khỏe ạ"
    ]
  }
]