[
  {
    "id": "92bd2304-87ba-4d03-a78d-e32b525a9e83",
    "data": [
      {
        "text": "a",
        "alias": "number",
        "meta": "@sys.number",
        "userDefined": true
      },
      {
        "text": " cộng ",
        "userDefined": false
      },
      {
        "text": "b",
        "alias": "number1",
        "meta": "@sys.number",
        "userDefined": true
      }
    ],
    "isTemplate": false,
    "count": 0,
    "updated": 1536655924
  },
  {
    "id": "538f9501-06c5-452d-a9a1-4d69ae40844a",
    "data": [
      {
        "text": "a",
        "alias": "number",
        "meta": "@sys.number",
        "userDefined": true
      },
      {
        "text": " cộng ",
        "userDefined": false
      },
      {
        "text": "b",
        "alias": "number1",
        "meta": "@sys.number",
        "userDefined": true
      },
      {
        "text": " bằng",
        "userDefined": false
      }
    ],
    "isTemplate": false,
    "count": 0,
    "updated": 1536655924
  },
  {
    "id": "b54042d4-4d59-495a-96a8-45986b10dd9c",
    "data": [
      {
        "text": "a",
        "alias": "number",
        "meta": "@sys.number",
        "userDefined": true
      },
      {
        "text": " cộng",
        "userDefined": false
      },
      {
        "text": " b",
        "alias": "number1",
        "meta": "@sys.number",
        "userDefined": true
      },
      {
        "text": " bằng bao nhiêu",
        "userDefined": false
      }
    ],
    "isTemplate": false,
    "count": 0,
    "updated": 1536655924
  },
  {
    "id": "7ee9cffc-5d37-462f-9621-2ca074ef2ffc",
    "data": [
      {
        "text": "tong cua ",
        "userDefined": false
      },
      {
        "text": "24",
        "alias": "number",
        "meta": "@sys.number",
        "userDefined": false
      },
      {
        "text": " va ",
        "userDefined": false
      },
      {
        "text": "50",
        "alias": "number1",
        "meta": "@sys.number",
        "userDefined": false
      },
      {
        "text": " la bao nhieu",
        "userDefined": false
      }
    ],
    "isTemplate": false,
    "count": 0,
    "updated": 1536567228
  }
]