[
  {
    "id": "146f7cdf-ffcd-4471-a222-dab8d9616224",
    "data": [
      {
        "text": "can you check ",
        "userDefined": false
      },
      {
        "text": "Glasgow",
        "alias": "location",
        "meta": "@sys.location",
        "userDefined": true
      },
      {
        "text": " too",
        "userDefined": false
      }
    ],
    "isTemplate": false,
    "count": 0,
    "updated": 0
  },
  {
    "id": "755ecd6b-d8ab-48da-8fc8-3ccafcbc9c58",
    "data": [
      {
        "text": "in ",
        "userDefined": false
      },
      {
        "text": "Moscow",
        "alias": "location",
        "meta": "@sys.location",
        "userDefined": true
      },
      {
        "text": " too",
        "userDefined": false
      }
    ],
    "isTemplate": false,
    "count": 0,
    "updated": 0
  },
  {
    "id": "ae4c87ac-3edc-405a-ad5d-cf5fe8f0a3c1",
    "data": [
      {
        "text": "Tokyo",
        "alias": "location",
        "meta": "@sys.location",
        "userDefined": true
      }
    ],
    "isTemplate": false,
    "count": 0,
    "updated": 0
  },
  {
    "id": "08c24ea8-cd54-4ddb-b4bc-9dcf0ddf2c2d",
    "data": [
      {
        "text": "can you check it for ",
        "userDefined": false
      },
      {
        "text": "Toronto",
        "alias": "location",
        "meta": "@sys.location",
        "userDefined": true
      }
    ],
    "isTemplate": false,
    "count": 0,
    "updated": 0
  },
  {
    "id": "093a6cb3-841e-4e91-ae7b-040bcd1ff988",
    "data": [
      {
        "text": "could you check ",
        "userDefined": false
      },
      {
        "text": "Paris",
        "alias": "location",
        "meta": "@sys.location",
        "userDefined": true
      },
      {
        "text": " now",
        "userDefined": false
      }
    ],
    "isTemplate": false,
    "count": 0,
    "updated": 0
  },
  {
    "id": "daf0c42a-06b0-498b-b6ef-240889807430",
    "data": [
      {
        "text": "now ",
        "userDefined": false
      },
      {
        "text": "New York",
        "alias": "location",
        "meta": "@sys.location",
        "userDefined": true
      }
    ],
    "isTemplate": false,
    "count": 0,
    "updated": 0
  },
  {
    "id": "56b455dd-067a-4cfd-a297-2c3c1bed855b",
    "data": [
      {
        "text": "what about ",
        "userDefined": false
      },
      {
        "text": "Munich",
        "alias": "location",
        "meta": "@sys.location",
        "userDefined": true
      }
    ],
    "isTemplate": false,
    "count": 0,
    "updated": 0
  },
  {
    "id": "cec6b2db-6fa2-4341-b8c7-458ab3c648eb",
    "data": [
      {
        "text": "in ",
        "userDefined": false
      },
      {
        "text": "Vienna",
        "alias": "location",
        "meta": "@sys.location",
        "userDefined": true
      },
      {
        "text": " now",
        "userDefined": false
      }
    ],
    "isTemplate": false,
    "count": 0,
    "updated": 0
  },
  {
    "id": "e695bcba-2ff1-4942-96a5-0c055764b999",
    "data": [
      {
        "text": "and in ",
        "userDefined": false
      },
      {
        "text": "London",
        "alias": "location",
        "meta": "@sys.location",
        "userDefined": true
      }
    ],
    "isTemplate": false,
    "count": 0,
    "updated": 0
  },
  {
    "id": "30c3db41-df4d-4378-b181-5687f31f7ce0",
    "data": [
      {
        "text": "how about ",
        "userDefined": false
      },
      {
        "text": "Hong Kong",
        "alias": "location",
        "meta": "@sys.location",
        "userDefined": true
      }
    ],
    "isTemplate": false,
    "count": 0,
    "updated": 0
  },
  {
    "id": "a16f55cb-5062-4b2c-b2da-e558f1139e67",
    "data": [
      {
        "text": "check ",
        "userDefined": false
      },
      {
        "text": "Prague",
        "alias": "location",
        "meta": "@sys.location",
        "userDefined": true
      }
    ],
    "isTemplate": false,
    "count": 0,
    "updated": 0
  },
  {
    "id": "55821a67-7d31-4984-8dd2-477bb2d2ae7b",
    "data": [
      {
        "text": "check ",
        "userDefined": false
      },
      {
        "text": "Madrid",
        "alias": "location",
        "meta": "@sys.location",
        "userDefined": true
      },
      {
        "text": " as well",
        "userDefined": false
      }
    ],
    "isTemplate": false,
    "count": 0,
    "updated": 0
  }
]