[
  {
    "id": "78d7c204-7146-4541-a93a-dd665b73ed5b",
    "data": [
      {
        "text": "can you speak ",
        "userDefined": false
      },
      {
        "text": "japanese",
        "alias": "language",
        "meta": "@sys.language",
        "userDefined": false
      }
    ],
    "isTemplate": false,
    "count": 0,
    "updated": 1536804866
  },
  {
    "id": "17beb623-8dba-423b-8613-2513e07f0aaf",
    "data": [
      {
        "text": "are you know ",
        "userDefined": false
      },
      {
        "text": "english",
        "alias": "language",
        "meta": "@sys.language",
        "userDefined": true
      }
    ],
    "isTemplate": false,
    "count": 0,
    "updated": 1536803264
  }
]