[
  {
    "id": "66332ba5-a354-44c1-87ff-3f6c467ac257",
    "data": [
      {
        "text": "bạn bao nhiêu tuổi",
        "userDefined": false
      }
    ],
    "isTemplate": false,
    "count": 0,
    "updated": 1536929476
  },
  {
    "id": "88fb55c3-32d0-42a6-8b85-0a37a5518d53",
    "data": [
      {
        "text": "tuoi",
        "userDefined": false
      }
    ],
    "isTemplate": false,
    "count": 0,
    "updated": 1536824781
  },
  {
    "id": "8f55c389-b073-4b34-a063-c70e3aaa9cdd",
    "data": [
      {
        "text": "how old are you",
        "userDefined": false
      }
    ],
    "isTemplate": false,
    "count": 0,
    "updated": 1536824781
  },
  {
    "id": "0a471785-6418-4008-b4f1-8e7e285919bf",
    "data": [
      {
        "text": "may tuoi",
        "userDefined": false
      }
    ],
    "isTemplate": false,
    "count": 0,
    "updated": 1536824781
  }
]