[
  {
    "id": "8c049eed-cf1a-4dd7-8707-d36ab7c17bee",
    "data": [
      {
        "text": "my ",
        "userDefined": false
      },
      {
        "text": "coat",
        "alias": "outfit",
        "meta": "@outfit",
        "userDefined": false
      }
    ],
    "isTemplate": false,
    "count": 0,
    "updated": 0
  },
  {
    "id": "5b6169e2-8781-4ee2-a3a0-d799942b7508",
    "data": [
      {
        "text": "and ",
        "userDefined": false
      },
      {
        "text": "raincoat",
        "alias": "outfit",
        "meta": "@outfit",
        "userDefined": false
      }
    ],
    "isTemplate": false,
    "count": 0,
    "updated": 0
  },
  {
    "id": "4a1af809-0e26-45d9-a571-68a683a4dd48",
    "data": [
      {
        "text": "raincoat",
        "alias": "outfit",
        "meta": "@outfit",
        "userDefined": false
      }
    ],
    "isTemplate": false,
    "count": 0,
    "updated": 0
  },
  {
    "id": "8ab26ebf-6316-471b-9699-3a9e25e71354",
    "data": [
      {
        "text": "what about ",
        "userDefined": false
      },
      {
        "text": "sunglasses",
        "alias": "outfit",
        "meta": "@outfit",
        "userDefined": true
      }
    ],
    "isTemplate": false,
    "count": 0,
    "updated": 0
  },
  {
    "id": "cced85bb-e386-40f7-8892-5e76f6d398a1",
    "data": [
      {
        "text": "and ",
        "userDefined": false
      },
      {
        "text": "umbrella",
        "alias": "outfit",
        "meta": "@outfit",
        "userDefined": true
      }
    ],
    "isTemplate": false,
    "count": 1,
    "updated": 0
  },
  {
    "id": "db2f688c-e8d3-43ca-9df7-ddfbc356a193",
    "data": [
      {
        "text": "how ",
        "userDefined": false
      },
      {
        "text": "about",
        "meta": "@sys.ignore",
        "userDefined": false
      },
      {
        "text": " my ",
        "userDefined": false
      },
      {
        "text": "raincoat",
        "alias": "outfit",
        "meta": "@outfit",
        "userDefined": false
      }
    ],
    "isTemplate": false,
    "count": 0,
    "updated": 0
  },
  {
    "id": "89b38605-b204-4f37-ad12-9dd2bb30d4c7",
    "data": [
      {
        "text": "how ",
        "userDefined": false
      },
      {
        "text": "about",
        "meta": "@sys.ignore",
        "userDefined": true
      },
      {
        "text": " ",
        "userDefined": false
      },
      {
        "text": "raincoat",
        "alias": "outfit",
        "meta": "@outfit",
        "userDefined": true
      }
    ],
    "isTemplate": false,
    "count": 0,
    "updated": 0
  },
  {
    "id": "11b2106b-9b44-4d50-bb05-5254ca24a1bb",
    "data": [
      {
        "text": "and my ",
        "userDefined": false
      },
      {
        "text": "umbrella",
        "alias": "outfit",
        "meta": "@outfit",
        "userDefined": false
      }
    ],
    "isTemplate": false,
    "count": 0,
    "updated": 0
  }
]