[
  {
    "id": "c4e814d2-0434-4260-aa96-e71cfe600d03",
    "data": [
      {
        "text": "skiing",
        "alias": "activity",
        "meta": "@activity",
        "userDefined": true
      }
    ],
    "isTemplate": false,
    "count": 0,
    "updated": 0
  },
  {
    "id": "7760a0cc-9f54-4386-8e94-98d027d2c7cf",
    "data": [
      {
        "text": "what about ",
        "userDefined": false
      },
      {
        "text": "swimming",
        "alias": "activity",
        "meta": "@activity",
        "userDefined": false
      }
    ],
    "isTemplate": false,
    "count": 0,
    "updated": 0
  },
  {
    "id": "fa66b115-3020-4b92-bd1d-dacb69f675fa",
    "data": [
      {
        "text": "and for ",
        "userDefined": false
      },
      {
        "text": "skating",
        "alias": "activity",
        "meta": "@activity",
        "userDefined": false
      }
    ],
    "isTemplate": false,
    "count": 0,
    "updated": 0
  }
]